resNum,resName,DataCol,DataDescription
23S:1,G,#000000
23S:2,G,#000000
23S:3,U,#000000
23S:4,U,#000000
23S:5,A,0000
23S:6,A,#000000
23S:7,G,#000000
23S:8,C,#000000
23S:9,G,#000000
23S:10,A,#000000
23S:11,C,#000000
23S:12,U,#000000
23S:13,A,0000
23S:14,A,#000000
23S:15,G,0000
23S:16,C,#000000
23S:17,G,0000
23S:18,U,#000000
23S:19,A,#000000
23S:20,C,#000000
23S:21,A,#000000
23S:22,C,#000000
23S:23,G,5000
23S:24,G,#000000
23S:25,U,#000000
23S:26,G,#000000
23S:27,G,#000000
23S:28,A,#000000
23S:29,U,#000000
23S:30,G,#000000
23S:31,C,0000
23S:32,C,#000000
23S:33,C,#000000
23S:34,U,#000000
23S:35,G,#000000
23S:36,G,5000
23S:37,C,#000000
23S:38,A,#000000
23S:39,G,#000000
23S:40,U,#000000
23S:41,C,#000000
23S:42,A,#000000
23S:43,G,#000000
23S:44,A,#000000
23S:45,G,#000000
23S:46,G,#000000
23S:47,C,#000000
23S:48,G,#000000
23S:49,A,#000000
23S:50,U,#000000
23S:51,G,#000000
23S:52,A,#000000
23S:53,A,#000000
23S:54,G,#000000
23S:55,G,0000
23S:56,A,#000000
23S:57,C,5000
23S:58,G,#000000
23S:59,U,0000
23S:60,G,#000000
23S:61,C,#000000
23S:62,U,#000000
23S:63,A,#000000
23S:64,A,#000000
23S:65,U,#000000
23S:66,C,#000000
23S:67,U,#000000
23S:68,G,#000000
23S:69,C,#000000
23S:70,G,5000
23S:71,A,5000
23S:72,U,#000000
23S:73,A,#000000
23S:74,A,#000000
23S:75,G,#000000
23S:76,C,0000
23S:77,G,#000000
23S:78,U,#000000
23S:79,C,#000000
23S:80,G,#000000
23S:81,G,0000
23S:82,U,0000
23S:83,A,#000000
23S:84,A,0000
23S:85,G,0000
23S:86,G,#000000
23S:87,U,#000000
23S:88,G,0000
23S:89,A,#000000
23S:90,U,0000
23S:91,A,#000000
23S:92,U,#000000
23S:93,G,#000000
23S:94,A,0000
23S:95,A,#000000
23S:96,C,#000000
23S:97,C,0000
23S:98,G,#000000
23S:99,U,0000
23S:100,U,#000000
23S:101,A,#000000
23S:102,U,#000000
23S:103,A,0000
23S:104,A,5000
23S:105,C,0000
23S:106,C,#000000
23S:107,G,#000000
23S:108,G,#000000
23S:109,C,#000000
23S:110,G,#000000
23S:111,A,5000
23S:112,U,0000
23S:113,U,#000000
23S:114,U,#000000
23S:115,C,0000
23S:116,C,#000000
23S:117,G,5000
23S:118,A,#000000
23S:119,A,5000
23S:120,U,0000
23S:121,G,#000000
23S:122,G,0000
23S:123,G,0000
23S:124,G,0000
23S:125,A,#000000
23S:126,A,0000
23S:127,A,0000
23S:128,C,0000
23S:129,C,0000
23S:130,C,#000000
23S:131,A,#000000
23S:132,G,#000000
23S:133,U,#000000
23S:134,G,#000000
23S:135,U,#000000
23S:136,G,#000000
23S:137,U,#000000
23S:138,U,#000000
23S:139,U,#000000
23S:140,C,#000000
23S:141,G,#000000
23S:142,A,#000000
23S:143,C,#000000
23S:144,A,#000000
23S:145,C,#000000
23S:146,A,#000000
23S:147,C,#000000
23S:148,U,#000000
23S:149,A,#000000
23S:150,U,#000000
23S:151,C,#000000
23S:152,A,#000000
23S:153,U,#000000
23S:154,U,#000000
23S:155,A,#000000
23S:156,A,#000000
23S:157,C,#000000
23S:158,U,#000000
23S:159,G,#000000
23S:160,A,#000000
23S:161,A,#000000
23S:162,U,5000
23S:163,C,#000000
23S:164,C,#000000
23S:165,A,#000000
23S:166,U,#000000
23S:167,A,#000000
23S:168,G,#000000
23S:169,G,#000000
23S:170,U,#000000
23S:171,U,#000000
23S:172,A,#000000
23S:173,A,#000000
23S:174,U,#000000
23S:175,G,#000000
23S:176,A,#000000
23S:177,G,#000000
23S:178,G,#000000
23S:179,C,5000
23S:180,G,#000000
23S:181,A,0000
23S:182,A,#000000
23S:183,C,#000000
23S:184,C,#000000
23S:185,G,#000000
23S:186,G,#000000
23S:187,G,0000
23S:188,G,#000000
23S:189,G,#000000
23S:190,A,#000000
23S:191,A,#000000
23S:192,C,#000000
23S:193,U,#000000
23S:194,G,0000
23S:195,A,5000
23S:196,A,#000000
23S:197,A,#000000
23S:198,C,#000000
23S:199,A,#000000
23S:200,U,5000
23S:201,C,0000
23S:202,U,5000
23S:203,A,#000000
23S:204,A,#000000
23S:205,G,0000
23S:206,U,#000000
23S:207,A,0000
23S:208,C,#000000
23S:209,C,0000
23S:210,C,#000000
23S:211,C,#000000
23S:212,G,#000000
23S:213,A,#000000
23S:214,G,#000000
23S:215,G,#000000
23S:216,A,#000000
23S:217,A,#000000
23S:218,A,#000000
23S:219,A,#000000
23S:220,G,#000000
23S:221,A,#000000
23S:222,A,#000000
23S:223,A,#000000
23S:224,U,#000000
23S:225,C,#000000
23S:226,A,#000000
23S:227,A,#000000
23S:228,C,#000000
23S:229,C,#000000
23S:230,G,#000000
23S:231,A,#000000
23S:232,G,#000000
23S:233,A,#000000
23S:234,U,#000000
23S:235,U,#000000
23S:236,C,#000000
23S:237,C,5000
23S:238,C,5000
23S:239,C,#000000
23S:240,C,#000000
23S:241,A,#000000
23S:242,G,#000000
23S:243,U,5000
23S:244,A,5000
23S:245,G,0000
23S:246,C,#000000
23S:247,G,#000000
23S:248,G,#000000
23S:249,C,#000000
23S:250,G,#000000
23S:251,A,5000
23S:252,G,#000000
23S:253,C,0000
23S:254,G,#000000
23S:255,A,5000
23S:256,A,#000000
23S:257,C,#000000
23S:258,G,#000000
23S:259,G,#000000
23S:260,G,5000
23S:261,G,#000000
23S:262,A,#000000
23S:263,G,#000000
23S:264,C,#000000
23S:265,A,#000000
23S:266,G,5000
23S:267,C,#000000
23S:268,C,#000000
23S:269,C,#000000
23S:270,A,#000000
23S:271,G,#000000
23S:272,A,#000000
23S:273,G,#000000
23S:274,C,#000000
23S:275,C,#000000
23S:276,U,#000000
23S:277,G,#000000
23S:278,A,#000000
23S:279,A,#000000
23S:280,U,#000000
23S:281,C,#000000
23S:282,A,#000000
23S:283,G,#000000
23S:284,U,#000000
23S:285,G,#000000
23S:286,U,#000000
23S:287,G,#000000
23S:288,U,#000000
23S:289,G,#000000
23S:290,U,#000000
23S:291,G,#000000
23S:292,U,#000000
23S:293,U,#000000
23S:294,A,#000000
23S:295,G,#000000
23S:296,U,#000000
23S:297,G,#000000
23S:298,G,#000000
23S:299,A,5000
23S:300,A,5000
23S:301,G,#000000
23S:302,C,#000000
23S:303,G,#000000
23S:304,U,#000000
23S:305,C,#000000
23S:306,U,0000
23S:307,G,#000000
23S:308,G,#000000
23S:309,A,#000000
23S:310,A,#000000
23S:311,A,#000000
23S:312,G,#000000
23S:313,G,#000000
23S:314,C,#000000
23S:315,G,#000000
23S:316,C,#000000
23S:317,G,#000000
23S:318,C,#000000
23S:319,G,#000000
23S:320,A,#000000
23S:321,U,#000000
23S:322,A,#000000
23S:323,C,#000000
23S:324,A,#000000
23S:325,G,#000000
23S:326,G,#000000
23S:327,G,#000000
23S:328,U,#000000
23S:329,G,#000000
23S:330,A,#000000
23S:331,C,#000000
23S:332,A,#000000
23S:333,G,#000000
23S:334,C,#000000
23S:335,C,#000000
23S:336,C,#000000
23S:337,C,#000000
23S:338,G,#000000
23S:339,U,#000000
23S:340,A,#000000
23S:341,C,#000000
23S:342,A,#000000
23S:343,C,#000000
23S:344,A,#000000
23S:345,A,#000000
23S:346,A,#000000
23S:347,A,#000000
23S:348,A,#000000
23S:349,U,#000000
23S:350,G,#000000
23S:351,C,#000000
23S:352,A,#000000
23S:353,C,#000000
23S:354,A,#000000
23S:355,U,#000000
23S:356,G,#000000
23S:357,C,#000000
23S:358,U,#000000
23S:359,G,#000000
23S:360,U,#000000
23S:361,G,#000000
23S:362,A,#000000
23S:363,G,#000000
23S:364,C,#000000
23S:365,U,#000000
23S:366,C,#000000
23S:367,G,#000000
23S:368,A,#000000
23S:369,U,#000000
23S:370,G,#000000
23S:371,A,5000
23S:372,G,5000
23S:373,U,5000
23S:374,A,0000
23S:375,G,#000000
23S:376,G,#000000
23S:377,G,#000000
23S:378,C,0000
23S:379,G,#000000
23S:380,G,#000000
23S:381,G,#000000
23S:382,A,#000000
23S:383,C,0000
23S:384,A,0000
23S:385,C,0000
23S:386,G,#000000
23S:387,U,#000000
23S:388,G,0000
23S:389,G,#000000
23S:390,U,#000000
23S:391,A,0000
23S:392,U,#000000
23S:393,C,#000000
23S:394,C,#000000
23S:395,U,#000000
23S:396,G,#000000
23S:397,U,#000000
23S:398,C,#000000
23S:399,U,#000000
23S:400,G,0000
23S:401,A,5000
23S:402,A,5000
23S:403,U,#000000
23S:404,A,#000000
23S:405,U,#000000
23S:406,G,#000000
23S:407,G,#000000
23S:408,G,#000000
23S:409,G,#000000
23S:410,G,#000000
23S:411,G,5000
23S:412,A,0000
23S:413,C,0000
23S:414,C,0000
23S:415,A,0000
23S:416,U,#000000
23S:417,C,#000000
23S:418,C,#000000
23S:419,U,#000000
23S:420,C,#000000
23S:421,C,#000000
23S:422,A,5000
23S:423,A,5000
23S:424,G,#000000
23S:425,G,#000000
23S:426,C,5000
23S:427,U,5000
23S:428,A,#000000
23S:429,A,#000000
23S:430,A,#000000
23S:431,U,5000
23S:432,A,5000
23S:433,C,#000000
23S:434,U,0000
23S:435,C,#000000
23S:436,C,#000000
23S:437,U,#000000
23S:438,G,#000000
23S:439,A,#000000
23S:440,C,#000000
23S:441,U,0000
23S:442,G,#000000
23S:443,A,#000000
23S:444,C,5000
23S:445,C,#000000
23S:446,G,#000000
23S:447,A,5000
23S:448,U,#000000
23S:449,A,5000
23S:450,G,5000
23S:451,U,#000000
23S:452,G,#000000
23S:453,A,#000000
23S:454,A,5000
23S:455,C,#000000
23S:456,C,#000000
23S:457,A,5000
23S:458,G,5000
23S:459,U,5000
23S:460,A,5000
23S:461,C,#000000
23S:462,C,#000000
23S:463,G,5000
23S:464,U,#000000
23S:465,G,5000
23S:466,A,5000
23S:467,G,#000000
23S:468,G,#000000
23S:469,G,#000000
23S:470,A,5000
23S:471,A,5000
23S:472,A,#000000
23S:473,G,5000
23S:474,G,0000
23S:475,C,#000000
23S:476,G,#000000
23S:477,A,5000
23S:478,A,#000000
23S:479,A,#000000
23S:480,A,5000
23S:481,G,#000000
23S:482,A,#000000
23S:483,A,5000
23S:484,C,5000
23S:485,C,0000
23S:486,C,0000
23S:487,C,5000
23S:488,G,#000000
23S:489,G,#000000
23S:490,C,#000000
23S:491,G,#000000
23S:492,A,#000000
23S:493,G,#000000
23S:494,G,#000000
23S:495,G,0000
23S:496,G,5000
23S:497,A,0000
23S:498,G,#000000
23S:499,U,#000000
23S:500,G,0000
23S:501,A,0000
23S:502,A,#000000
23S:503,A,#000000
23S:504,A,#000000
23S:505,A,#000000
23S:506,G,#000000
23S:507,A,#000000
23S:508,A,#000000
23S:509,C,#000000
23S:510,C,#000000
23S:511,U,5000
23S:512,G,5000
23S:513,A,5000
23S:514,A,5000
23S:515,A,5000
23S:516,C,#000000
23S:517,C,5000
23S:518,G,#000000
23S:519,U,#000000
23S:520,G,#000000
23S:521,U,#000000
23S:522,A,#000000
23S:523,C,0000
23S:524,G,#000000
23S:525,U,0000
23S:526,A,0000
23S:527,C,0000
23S:528,A,0000
23S:529,A,0000
23S:530,G,#000000
23S:531,C,0000
23S:532,A,#000000
23S:533,G,#000000
23S:534,U,0000
23S:535,G,#000000
23S:536,G,#000000
23S:537,G,#000000
23S:538,A,0000
23S:539,G,0000
23S:540,C,0000
23S:541,A,#000000
23S:542,C,#000000
23S:543,G,#000000
23S:544,C,#000000
23S:545,U,#000000
23S:546,U,#000000
23S:547,A,#000000
23S:548,G,#000000
23S:549,G,#000000
23S:550,C,#000000
23S:551,G,#000000
23S:552,U,#000000
23S:553,G,0000
23S:554,U,0000
23S:555,G,0000
23S:556,A,0000
23S:557,C,5000
23S:558,U,#000000
23S:559,G,0000
23S:560,C,#000000
23S:561,G,#000000
23S:562,U,0000
23S:563,A,#000000
23S:564,C,5000
23S:565,C,0000
23S:566,U,5000
23S:567,U,#000000
23S:568,U,5000
23S:569,U,#000000
23S:570,G,5000
23S:571,U,0000
23S:572,A,5000
23S:573,U,#000000
23S:574,A,0000
23S:575,A,5000
23S:576,U,0000
23S:577,G,5000
23S:578,G,0000
23S:579,G,0000
23S:580,U,#000000
23S:581,C,5000
23S:582,A,#000000
23S:583,G,0000
23S:584,C,0000
23S:585,G,5000
23S:586,A,5000
23S:587,C,#000000
23S:588,U,#000000
23S:589,U,0000
23S:590,A,0000
23S:591,U,#000000
23S:592,A,#000000
23S:593,U,#000000
23S:594,U,0000
23S:595,C,#000000
23S:596,U,#000000
23S:597,G,#000000
23S:598,U,0000
23S:599,A,#000000
23S:600,G,5000
23S:601,C,#000000
23S:602,A,#000000
23S:603,A,5000
23S:604,G,5000
23S:605,G,#000000
23S:606,U,0000
23S:607,U,0000
23S:608,A,0000
23S:609,A,0000
23S:610,C,#000000
23S:611,C,#000000
23S:612,G,#000000
23S:613,A,#000000
23S:614,A,#000000
23S:615,U,#000000
23S:616,A,#000000
23S:617,G,#000000
23S:618,G,#000000
23S:619,G,0000
23S:620,G,#000000
23S:621,A,0000
23S:622,G,#000000
23S:623,C,#000000
23S:624,C,#000000
23S:625,G,#000000
23S:626,A,#000000
23S:627,A,#000000
23S:628,G,0000
23S:629,G,#000000
23S:630,G,#000000
23S:631,A,5000
23S:632,A,5000
23S:633,A,0000
23S:634,C,#000000
23S:635,C,0000
23S:636,G,#000000
23S:637,A,0000
23S:638,G,0000
23S:639,U,0000
23S:640,C,#000000
23S:641,U,#000000
23S:642,U,#000000
23S:643,A,0000
23S:644,A,0000
23S:645,C,#000000
23S:646,U,0000
23S:647,G,#000000
23S:648,G,#000000
23S:649,G,0000
23S:650,C,0000
23S:651,G,0000
23S:652,U,#000000
23S:653,U,#000000
23S:654,A,#000000
23S:655,A,#000000
23S:656,G,#000000
23S:657,U,0000
23S:658,U,0000
23S:659,G,#000000
23S:660,C,#000000
23S:661,A,#000000
23S:662,G,#000000
23S:663,G,#000000
23S:664,G,#000000
23S:665,U,#000000
23S:666,A,#000000
23S:667,U,0000
23S:668,A,0000
23S:669,G,5000
23S:670,A,#000000
23S:671,C,5000
23S:672,C,#000000
23S:673,C,#000000
23S:674,G,5000
23S:675,A,5000
23S:676,A,5000
23S:677,A,#000000
23S:678,C,0000
23S:679,C,0000
23S:680,C,#000000
23S:681,G,#000000
23S:682,G,#000000
23S:683,U,#000000
23S:684,G,5000
23S:685,A,5000
23S:686,U,0000
23S:687,C,5000
23S:688,U,5000
23S:689,A,#000000
23S:690,G,#000000
23S:691,C,0000
23S:692,C,#000000
23S:693,A,0000
23S:694,U,0000
23S:695,G,#000000
23S:696,G,#000000
23S:697,G,#000000
23S:698,C,#000000
23S:699,A,5000
23S:700,G,#000000
23S:701,G,#000000
23S:702,U,#000000
23S:703,U,5000
23S:704,G,5000
23S:705,A,5000
23S:706,A,5000
23S:707,G,5000
23S:708,G,#000000
23S:709,U,#000000
23S:710,U,#000000
23S:711,G,#000000
23S:712,G,#000000
23S:713,G,#000000
23S:714,U,0000
23S:715,A,#000000
23S:716,A,5000
23S:717,C,#000000
23S:718,A,0000
23S:719,C,#000000
23S:720,U,#000000
23S:721,A,#000000
23S:722,A,#000000
23S:723,C,#000000
23S:724,U,5000
23S:725,G,5000
23S:726,G,5000
23S:727,A,5000
23S:728,G,5000
23S:729,G,5000
23S:730,A,#000000
23S:731,C,#000000
23S:732,C,#000000
23S:733,G,5000
23S:734,A,0000
23S:735,A,0000
23S:736,C,0000
23S:737,C,#000000
23S:738,G,#000000
23S:739,A,#000000
23S:740,C,#000000
23S:741,U,#000000
23S:742,A,#000000
23S:743,A,0000
23S:744,U,#000000
23S:745,G,0000
23S:746,U,0000
23S:747,U,5000
23S:748,G,#000000
23S:749,A,0000
23S:750,A,5000
23S:751,A,5000
23S:752,A,5000
23S:753,A,#000000
23S:754,U,0000
23S:755,U,#000000
23S:756,A,#000000
23S:757,G,0000
23S:758,C,#000000
23S:759,G,#000000
23S:760,G,0000
23S:761,A,0000
23S:762,U,0000
23S:763,G,#000000
23S:764,A,5000
23S:765,C,#000000
23S:766,U,#000000
23S:767,U,#000000
23S:768,G,5000
23S:769,U,0000
23S:770,G,#000000
23S:771,G,0000
23S:772,C,#000000
23S:773,U,#000000
23S:774,G,#000000
23S:775,G,5000
23S:776,G,#000000
23S:777,G,5000
23S:778,G,5000
23S:779,U,0000
23S:780,G,#000000
23S:781,A,5000
23S:782,A,5000
23S:783,A,5000
23S:784,G,#000000
23S:785,G,#000000
23S:786,C,5000
23S:787,C,5000
23S:788,A,#000000
23S:789,A,#000000
23S:790,U,#000000
23S:791,C,5000
23S:792,A,#000000
23S:793,A,#000000
23S:794,A,#000000
23S:795,C,#000000
23S:796,C,0000
23S:797,G,#000000
23S:798,G,0000
23S:799,G,0000
23S:800,A,#000000
23S:801,G,#000000
23S:802,A,0000
23S:803,U,5000
23S:804,A,#000000
23S:805,G,5000
23S:806,C,5000
23S:807,U,5000
23S:808,G,#000000
23S:809,G,5000
23S:810,U,5000
23S:811,U,5000
23S:812,C,5000
23S:813,U,0000
23S:814,C,0000
23S:815,C,#000000
23S:816,C,#000000
23S:817,C,#000000
23S:818,G,5000
23S:819,A,5000
23S:820,A,5000
23S:821,A,0000
23S:822,G,#000000
23S:823,C,#000000
23S:824,U,#000000
23S:825,A,#000000
23S:826,U,0000
23S:827,U,0000
23S:828,U,#000000
23S:829,A,0000
23S:830,G,0000
23S:831,G,5000
23S:832,U,#000000
23S:833,A,#000000
23S:834,G,#000000
23S:835,C,#000000
23S:836,G,#000000
23S:837,C,#000000
23S:838,C,#000000
23S:839,U,0000
23S:840,C,#000000
23S:841,G,#000000
23S:842,U,#000000
23S:843,G,#000000
23S:844,A,#000000
23S:845,A,#000000
23S:846,U,#000000
23S:847,U,#000000
23S:848,C,#000000
23S:849,A,#000000
23S:850,U,#000000
23S:851,C,#000000
23S:852,U,#000000
23S:853,C,#000000
23S:854,C,#000000
23S:855,G,0000
23S:856,G,0000
23S:857,G,#000000
23S:858,G,#000000
23S:859,G,5000
23S:860,U,5000
23S:861,A,5000
23S:862,G,5000
23S:863,A,5000
23S:864,G,#000000
23S:865,C,#000000
23S:866,A,#000000
23S:867,C,0000
23S:868,U,#000000
23S:869,G,#000000
23S:870,U,0000
23S:871,U,0000
23S:872,U,#000000
23S:873,C,#000000
23S:874,G,#000000
23S:875,G,#000000
23S:876,C,#000000
23S:877,A,#000000
23S:878,A,#000000
23S:879,G,0000
23S:880,G,#000000
23S:881,G,5000
23S:882,G,#000000
23S:883,G,#000000
23S:884,U,#000000
23S:885,C,#000000
23S:886,A,#000000
23S:887,U,#000000
23S:888,C,#000000
23S:889,C,#000000
23S:890,C,#000000
23S:891,G,#000000
23S:892,A,#000000
23S:893,C,#000000
23S:894,U,#000000
23S:895,U,5000
23S:896,A,0000
23S:897,C,#000000
23S:898,C,0000
23S:899,A,#000000
23S:900,A,0000
23S:901,C,#000000
23S:902,C,#000000
23S:903,C,#000000
23S:904,G,#000000
23S:905,A,#000000
23S:906,U,#000000
23S:907,G,0000
23S:908,C,#000000
23S:909,A,#000000
23S:910,A,#000000
23S:911,A,#000000
23S:912,C,5000
23S:913,U,5000
23S:914,G,0000
23S:915,C,0000
23S:916,G,#000000
23S:917,A,5000
23S:918,A,5000
23S:919,U,0000
23S:920,A,#000000
23S:921,C,0000
23S:922,C,0000
23S:923,G,#000000
23S:924,G,#000000
23S:925,A,#000000
23S:926,G,#000000
23S:927,A,#000000
23S:928,A,#000000
23S:929,U,#000000
23S:930,G,#000000
23S:931,U,#000000
23S:932,U,#000000
23S:933,A,#000000
23S:934,U,#000000
23S:935,C,#000000
23S:936,A,#000000
23S:937,C,#000000
23S:938,G,#000000
23S:939,G,#000000
23S:940,G,#000000
23S:941,A,#000000
23S:942,G,#000000
23S:943,A,#000000
23S:944,C,#000000
23S:945,A,0000
23S:946,C,#000000
23S:947,A,0000
23S:948,C,#000000
23S:949,G,#000000
23S:950,G,#000000
23S:951,C,#000000
23S:952,G,0000
23S:953,G,0000
23S:954,G,0000
23S:955,U,#000000
23S:956,G,5000
23S:957,C,#000000
23S:958,U,5000
23S:959,A,5000
23S:960,A,5000
23S:961,C,#000000
23S:962,G,#000000
23S:963,U,0000
23S:964,C,#000000
23S:965,C,0000
23S:966,G,#000000
23S:967,U,0000
23S:968,C,#000000
23S:969,G,#000000
23S:970,U,0000
23S:971,G,#000000
23S:972,A,#000000
23S:973,A,#000000
23S:974,G,#000000
23S:975,A,0000
23S:976,G,0000
23S:977,G,5000
23S:978,G,5000
23S:979,A,0000
23S:980,A,#000000
23S:981,A,0000
23S:982,C,0000
23S:983,A,#000000
23S:984,A,#000000
23S:985,C,#000000
23S:986,C,5000
23S:987,C,0000
23S:988,A,#000000
23S:989,G,0000
23S:990,A,0000
23S:991,C,0000
23S:992,C,0000
23S:993,G,#000000
23S:994,C,#000000
23S:995,C,0000
23S:996,A,#000000
23S:997,G,#000000
23S:998,C,0000
23S:999,U,#000000
23S:1000,A,5000
23S:1001,A,0000
23S:1002,G,#000000
23S:1003,G,#000000
23S:1004,U,#000000
23S:1005,C,0000
23S:1006,C,#000000
23S:1007,C,#000000
23S:1008,A,#000000
23S:1009,A,#000000
23S:1010,A,#000000
23S:1011,G,#000000
23S:1012,U,#000000
23S:1013,C,#000000
23S:1014,A,#000000
23S:1015,U,#000000
23S:1016,G,#000000
23S:1017,G,#000000
23S:1018,U,#000000
23S:1019,U,#000000
23S:1020,A,0000
23S:1021,A,#000000
23S:1022,G,0000
23S:1023,U,0000
23S:1024,G,0000
23S:1025,G,#000000
23S:1026,G,#000000
23S:1027,A,5000
23S:1028,A,5000
23S:1029,A,5000
23S:1030,C,0000
23S:1031,G,5000
23S:1032,A,0000
23S:1033,U,#000000
23S:1034,G,5000
23S:1035,U,5000
23S:1036,G,#000000
23S:1037,G,#000000
23S:1038,G,#000000
23S:1039,A,#000000
23S:1040,A,#000000
23S:1041,G,#000000
23S:1042,G,#000000
23S:1043,C,0000
23S:1044,C,#000000
23S:1045,C,#000000
23S:1046,A,0000
23S:1047,G,#000000
23S:1048,A,#000000
23S:1049,C,#000000
23S:1050,A,#000000
23S:1051,G,#000000
23S:1052,C,5000
23S:1053,C,#000000
23S:1054,A,0000
23S:1055,G,5000
23S:1056,G,#000000
23S:1057,A,0000
23S:1058,U,#000000
23S:1059,G,#000000
23S:1060,U,5000
23S:1061,U,0000
23S:1062,G,#000000
23S:1063,G,0000
23S:1064,C,5000
23S:1065,U,0000
23S:1066,U,#000000
23S:1067,A,0000
23S:1068,G,#000000
23S:1069,A,5000
23S:1070,A,#000000
23S:1071,G,5000
23S:1072,C,0000
23S:1073,A,0000
23S:1074,G,5000
23S:1075,C,0000
23S:1076,C,#000000
23S:1077,A,5000
23S:1078,U,#000000
23S:1079,C,#000000
23S:1080,A,#000000
23S:1081,U,0000
23S:1082,U,0000
23S:1083,U,#000000
23S:1084,A,#000000
23S:1085,A,5000
23S:1086,A,0000
23S:1087,G,#000000
23S:1088,A,5000
23S:1089,A,#000000
23S:1090,A,#000000
23S:1091,G,#000000
23S:1092,C,0000
23S:1093,G,5000
23S:1094,U,5000
23S:1095,A,5000
23S:1096,A,5000
23S:1097,U,0000
23S:1098,A,5000
23S:1099,G,0000
23S:1100,C,#000000
23S:1101,U,#000000
23S:1102,C,#000000
23S:1103,A,5000
23S:1104,C,5000
23S:1105,U,0000
23S:1106,G,#000000
23S:1107,G,#000000
23S:1108,U,0000
23S:1109,C,#000000
23S:1110,G,#000000
23S:1111,A,5000
23S:1112,G,0000
23S:1113,U,#000000
23S:1114,C,#000000
23S:1115,G,#000000
23S:1116,G,#000000
23S:1117,C,#000000
23S:1118,C,#000000
23S:1119,U,#000000
23S:1120,G,5000
23S:1121,C,5000
23S:1122,G,0000
23S:1123,C,5000
23S:1124,G,0000
23S:1125,G,#000000
23S:1126,A,5000
23S:1127,A,0000
23S:1128,G,#000000
23S:1129,A,5000
23S:1130,U,#000000
23S:1131,G,#000000
23S:1132,U,#000000
23S:1133,A,#000000
23S:1134,A,#000000
23S:1135,C,0000
23S:1136,G,0000
23S:1137,G,#000000
23S:1138,G,0000
23S:1139,G,5000
23S:1140,C,#000000
23S:1141,U,0000
23S:1142,A,#000000
23S:1143,A,5000
23S:1144,A,#000000
23S:1145,C,#000000
23S:1146,C,#000000
23S:1147,A,#000000
23S:1148,U,#000000
23S:1149,G,#000000
23S:1150,C,#000000
23S:1151,A,#000000
23S:1152,C,#000000
23S:1153,C,#000000
23S:1154,G,0000
23S:1155,A,#000000
23S:1156,A,0000
23S:1157,G,0000
23S:1158,C,#000000
23S:1159,U,#000000
23S:1160,G,#000000
23S:1161,C,#000000
23S:1162,G,0000
23S:1163,G,0000
23S:1164,C,#000000
23S:1165,A,#000000
23S:1166,G,#000000
23S:1167,C,#000000
23S:1168,G,#000000
23S:1169,A,#000000
23S:1170,C,#000000
23S:1171,G,#000000
23S:1172,C,#000000
23S:1173,U,#000000
23S:1174,U,#000000
23S:1175,A,#000000
23S:1176,U,#000000
23S:1177,G,#000000
23S:1178,C,#000000
23S:1179,G,#000000
23S:1180,U,#000000
23S:1181,U,#000000
23S:1182,G,#000000
23S:1183,U,#000000
23S:1184,U,#000000
23S:1185,G,#000000
23S:1186,G,0000
23S:1187,G,5000
23S:1188,U,5000
23S:1189,A,5000
23S:1190,G,#000000
23S:1191,G,#000000
23S:1192,G,#000000
23S:1193,G,0000
23S:1194,A,0000
23S:1195,G,5000
23S:1196,C,5000
23S:1197,G,#000000
23S:1198,U,#000000
23S:1199,U,0000
23S:1200,C,#000000
23S:1201,U,#000000
23S:1202,G,#000000
23S:1203,U,#000000
23S:1204,A,#000000
23S:1205,A,#000000
23S:1206,G,#000000
23S:1207,C,0000
23S:1208,C,#000000
23S:1209,U,#000000
23S:1210,G,#000000
23S:1211,C,#000000
23S:1212,G,#000000
23S:1213,A,#000000
23S:1214,A,#000000
23S:1215,G,#000000
23S:1216,G,#000000
23S:1217,U,#000000
23S:1218,G,#000000
23S:1219,U,#000000
23S:1220,G,#000000
23S:1221,C,#000000
23S:1222,U,#000000
23S:1223,G,#000000
23S:1224,U,#000000
23S:1225,G,#000000
23S:1226,A,#000000
23S:1227,G,#000000
23S:1228,G,#000000
23S:1229,C,#000000
23S:1230,A,#000000
23S:1231,U,#000000
23S:1232,G,#000000
23S:1233,C,#000000
23S:1234,U,5000
23S:1235,G,#000000
23S:1236,G,#000000
23S:1237,A,#000000
23S:1238,G,#000000
23S:1239,G,0000
23S:1240,U,#000000
23S:1241,A,#000000
23S:1242,U,#000000
23S:1243,C,#000000
23S:1244,A,#000000
23S:1245,G,#000000
23S:1246,A,0000
23S:1247,A,#000000
23S:1248,G,#000000
23S:1249,U,#000000
23S:1250,G,5000
23S:1251,C,0000
23S:1252,G,#000000
23S:1253,A,#000000
23S:1254,A,#000000
23S:1255,U,5000
23S:1256,G,0000
23S:1257,C,0000
23S:1258,U,#000000
23S:1259,G,#000000
23S:1260,A,#000000
23S:1261,C,#000000
23S:1262,A,#000000
23S:1263,U,0000
23S:1264,A,#000000
23S:1265,A,5000
23S:1266,G,5000
23S:1267,U,5000
23S:1268,A,5000
23S:1269,A,#000000
23S:1270,C,#000000
23S:1271,G,0000
23S:1272,A,#000000
23S:1273,U,#000000
23S:1274,A,#000000
23S:1275,A,#000000
23S:1276,A,#000000
23S:1277,G,#000000
23S:1278,C,#000000
23S:1279,G,#000000
23S:1280,G,#000000
23S:1281,G,0000
23S:1282,U,5000
23S:1283,G,5000
23S:1284,A,#000000
23S:1285,A,#000000
23S:1286,A,#000000
23S:1287,A,0000
23S:1288,G,0000
23S:1289,C,0000
23S:1290,C,#000000
23S:1291,C,#000000
23S:1292,G,#000000
23S:1293,C,#000000
23S:1294,U,#000000
23S:1295,C,0000
23S:1296,G,#000000
23S:1297,C,#000000
23S:1298,C,0000
23S:1299,G,5000
23S:1300,G,#000000
23S:1301,A,#000000
23S:1302,A,0000
23S:1303,G,#000000
23S:1304,A,#000000
23S:1305,C,0000
23S:1306,C,0000
23S:1307,A,#000000
23S:1308,A,#000000
23S:1309,G,5000
23S:1310,G,5000
23S:1311,G,#000000
23S:1312,U,5000
23S:1313,U,5000
23S:1314,C,5000
23S:1315,C,5000
23S:1316,U,0000
23S:1317,G,#000000
23S:1318,U,#000000
23S:1319,C,0000
23S:1320,C,#000000
23S:1321,A,#000000
23S:1322,A,5000
23S:1323,C,#000000
23S:1324,G,0000
23S:1325,U,#000000
23S:1326,U,0000
23S:1327,A,#000000
23S:1328,A,#000000
23S:1329,U,5000
23S:1330,C,0000
23S:1331,G,#000000
23S:1332,G,#000000
23S:1333,G,0000
23S:1334,G,#000000
23S:1335,C,0000
23S:1336,A,#000000
23S:1337,G,5000
23S:1338,G,5000
23S:1339,G,5000
23S:1340,U,5000
23S:1341,G,#000000
23S:1342,A,#000000
23S:1343,G,5000
23S:1344,U,#000000
23S:1345,C,5000
23S:1346,G,5000
23S:1347,A,0000
23S:1348,C,#000000
23S:1349,C,#000000
23S:1350,C,5000
23S:1351,C,#000000
23S:1352,U,5000
23S:1353,A,#000000
23S:1354,A,5000
23S:1355,G,#000000
23S:1356,G,#000000
23S:1357,C,#000000
23S:1358,G,#000000
23S:1359,A,0000
23S:1360,G,0000
23S:1361,G,0000
23S:1362,C,0000
23S:1363,C,#000000
23S:1364,G,0000
23S:1365,A,0000
23S:1366,A,0000
23S:1367,A,#000000
23S:1368,G,#000000
23S:1369,G,0000
23S:1370,C,0000
23S:1371,G,0000
23S:1372,U,0000
23S:1373,A,0000
23S:1374,G,#000000
23S:1375,U,#000000
23S:1376,C,#000000
23S:1377,G,#000000
23S:1378,A,5000
23S:1379,U,0000
23S:1380,G,#000000
23S:1381,G,5000
23S:1382,G,0000
23S:1383,A,#000000
23S:1384,A,#000000
23S:1385,A,#000000
23S:1386,C,#000000
23S:1387,A,#000000
23S:1388,G,5000
23S:1389,G,#000000
23S:1390,U,5000
23S:1391,U,5000
23S:1392,A,5000
23S:1393,A,5000
23S:1394,U,5000
23S:1395,A,5000
23S:1396,U,5000
23S:1397,U,5000
23S:1398,C,5000
23S:1399,C,#000000
23S:1400,U,#000000
23S:1401,G,#000000
23S:1402,U,#000000
23S:1403,A,#000000
23S:1404,C,5000
23S:1405,U,#000000
23S:1406,U,#000000
23S:1407,G,#000000
23S:1408,G,#000000
23S:1409,U,#000000
23S:1410,G,#000000
23S:1411,U,#000000
23S:1412,U,#000000
23S:1413,A,#000000
23S:1414,C,#000000
23S:1415,U,#000000
23S:1416,G,#000000
23S:1417,C,#000000
23S:1418,G,#000000
23S:1419,A,#000000
23S:1420,A,#000000
23S:1421,G,#000000
23S:1422,G,#000000
23S:1423,G,#000000
23S:1424,G,#000000
23S:1425,G,#000000
23S:1426,G,5000
23S:1427,A,5000
23S:1428,C,5000
23S:1429,G,#000000
23S:1430,G,#000000
23S:1431,A,#000000
23S:1432,G,#000000
23S:1433,A,#000000
23S:1434,A,#000000
23S:1435,G,#000000
23S:1436,G,#000000
23S:1437,C,#000000
23S:1438,U,0000
23S:1439,A,#000000
23S:1440,U,#000000
23S:1441,G,#000000
23S:1442,U,#000000
23S:1443,U,#000000
23S:1444,G,#000000
23S:1445,G,#000000
23S:1446,C,#000000
23S:1447,C,#000000
23S:1448,G,#000000
23S:1449,G,#000000
23S:1450,G,#000000
23S:1451,C,#000000
23S:1452,G,#000000
23S:1453,A,#000000
23S:1454,C,#000000
23S:1455,G,#000000
23S:1456,G,#000000
23S:1457,U,#000000
23S:1458,U,#000000
23S:1459,G,#000000
23S:1460,U,#000000
23S:1461,C,#000000
23S:1462,C,#000000
23S:1463,C,#000000
23S:1464,G,#000000
23S:1465,G,#000000
23S:1466,U,#000000
23S:1467,U,#000000
23S:1468,U,#000000
23S:1469,A,#000000
23S:1470,A,#000000
23S:1471,G,#000000
23S:1472,C,#000000
23S:1473,G,#000000
23S:1474,U,#000000
23S:1475,G,#000000
23S:1476,U,#000000
23S:1477,A,#000000
23S:1478,G,#000000
23S:1479,G,#000000
23S:1480,C,#000000
23S:1481,U,#000000
23S:1482,G,#000000
23S:1483,G,#000000
23S:1484,U,#000000
23S:1485,U,#000000
23S:1486,U,#000000
23S:1487,U,#000000
23S:1488,C,#000000
23S:1489,C,#000000
23S:1490,A,#000000
23S:1491,G,#000000
23S:1492,G,#000000
23S:1493,C,#000000
23S:1494,A,#000000
23S:1495,A,0000
23S:1496,A,#000000
23S:1497,U,#000000
23S:1498,C,#000000
23S:1499,C,#000000
23S:1500,G,#000000
23S:1501,G,#000000
23S:1502,A,#000000
23S:1503,A,#000000
23S:1504,A,#000000
23S:1505,A,#000000
23S:1506,U,#000000
23S:1507,C,#000000
23S:1508,A,#000000
23S:1509,A,#000000
23S:1510,G,#000000
23S:1511,G,#000000
23S:1512,C,#000000
23S:1513,U,#000000
23S:1514,G,#000000
23S:1515,A,#000000
23S:1516,G,#000000
23S:1517,G,#000000
23S:1518,C,#000000
23S:1519,G,#000000
23S:1520,U,#000000
23S:1521,G,#000000
23S:1522,A,#000000
23S:1523,U,#000000
23S:1524,G,#000000
23S:1525,A,#000000
23S:1526,C,#000000
23S:1527,G,#000000
23S:1528,A,#000000
23S:1529,G,#000000
23S:1530,G,#000000
23S:1531,C,#000000
23S:1532,A,#000000
23S:1533,C,#000000
23S:1534,U,#000000
23S:1535,A,#000000
23S:1536,C,#000000
23S:1537,G,#000000
23S:1538,G,#000000
23S:1539,U,#000000
23S:1540,G,#000000
23S:1541,C,#000000
23S:1542,U,#000000
23S:1543,G,#000000
23S:1544,A,#000000
23S:1545,A,#000000
23S:1546,G,#000000
23S:1547,C,#000000
23S:1548,A,#000000
23S:1549,A,#000000
23S:1550,C,#000000
23S:1551,A,#000000
23S:1552,A,#000000
23S:1553,A,#000000
23S:1554,U,#000000
23S:1555,G,#000000
23S:1556,C,#000000
23S:1557,C,#000000
23S:1558,C,#000000
23S:1559,U,#000000
23S:1560,G,#000000
23S:1561,C,#000000
23S:1562,U,#000000
23S:1563,U,#000000
23S:1564,C,#000000
23S:1565,C,5000
23S:1566,A,#000000
23S:1567,G,#000000
23S:1568,G,#000000
23S:1569,A,5000
23S:1570,A,5000
23S:1571,A,5000
23S:1572,A,5000
23S:1573,G,#000000
23S:1574,C,#000000
23S:1575,C,#000000
23S:1576,U,#000000
23S:1577,C,0000
23S:1578,U,#000000
23S:1579,A,#000000
23S:1580,A,#000000
23S:1581,G,#000000
23S:1582,C,#000000
23S:1583,A,#000000
23S:1584,U,#000000
23S:1585,C,#000000
23S:1586,A,#000000
23S:1587,G,#000000
23S:1588,G,#000000
23S:1589,U,#000000
23S:1590,A,#000000
23S:1591,A,#000000
23S:1592,C,#000000
23S:1593,A,#000000
23S:1594,U,#000000
23S:1595,C,#000000
23S:1596,A,#000000
23S:1597,A,#000000
23S:1598,A,#000000
23S:1599,U,0000
23S:1600,C,5000
23S:1601,G,5000
23S:1602,U,5000
23S:1603,A,5000
23S:1604,C,5000
23S:1605,C,#000000
23S:1606,C,#000000
23S:1607,C,#000000
23S:1608,A,0000
23S:1609,A,5000
23S:1610,A,5000
23S:1611,C,5000
23S:1612,C,#000000
23S:1613,G,5000
23S:1614,A,0000
23S:1615,C,0000
23S:1616,A,0000
23S:1617,C,5000
23S:1618,A,#000000
23S:1619,G,#000000
23S:1620,G,5000
23S:1621,U,5000
23S:1622,G,#000000
23S:1623,G,0000
23S:1624,U,#000000
23S:1625,C,0000
23S:1626,A,#000000
23S:1627,G,#000000
23S:1628,G,#000000
23S:1629,U,#000000
23S:1630,A,#000000
23S:1631,G,#000000
23S:1632,A,5000
23S:1633,G,#000000
23S:1634,A,#000000
23S:1635,A,#000000
23S:1636,U,0000
23S:1637,A,#000000
23S:1638,C,#000000
23S:1639,C,#000000
23S:1640,A,0000
23S:1641,A,0000
23S:1642,G,0000
23S:1643,G,#000000
23S:1644,C,#000000
23S:1645,G,0000
23S:1646,C,#000000
23S:1647,U,#000000
23S:1648,U,0000
23S:1649,G,0000
23S:1650,A,0000
23S:1651,G,0000
23S:1652,A,#000000
23S:1653,G,#000000
23S:1654,A,5000
23S:1655,A,#000000
23S:1656,C,#000000
23S:1657,U,#000000
23S:1658,C,#000000
23S:1659,G,0000
23S:1660,G,#000000
23S:1661,G,#000000
23S:1662,U,#000000
23S:1663,G,#000000
23S:1664,A,5000
23S:1665,A,0000
23S:1666,G,5000
23S:1667,G,5000
23S:1668,A,5000
23S:1669,A,5000
23S:1670,C,0000
23S:1671,U,5000
23S:1672,A,5000
23S:1673,G,#000000
23S:1674,G,5000
23S:1675,C,5000
23S:1676,A,5000
23S:1677,A,5000
23S:1678,A,#000000
23S:1679,A,#000000
23S:1680,U,5000
23S:1681,G,#000000
23S:1682,G,0000
23S:1683,U,0000
23S:1684,G,#000000
23S:1685,C,#000000
23S:1686,C,#000000
23S:1687,G,5000
23S:1688,U,5000
23S:1689,A,5000
23S:1690,A,#000000
23S:1691,C,#000000
23S:1692,U,#000000
23S:1693,U,5000
23S:1694,C,#000000
23S:1695,G,5000
23S:1696,G,#000000
23S:1697,G,#000000
23S:1698,A,5000
23S:1699,G,#000000
23S:1700,A,5000
23S:1701,A,#000000
23S:1702,G,#000000
23S:1703,G,#000000
23S:1704,C,#000000
23S:1705,A,0000
23S:1706,C,0000
23S:1707,G,#000000
23S:1708,C,0000
23S:1709,U,5000
23S:1710,G,0000
23S:1711,A,#000000
23S:1712,U,#000000
23S:1713,A,#000000
23S:1714,U,#000000
23S:1715,G,#000000
23S:1716,U,#000000
23S:1717,A,#000000
23S:1718,G,#000000
23S:1719,G,#000000
23S:1720,U,#000000
23S:1721,G,#000000
23S:1722,A,#000000
23S:1723,G,#000000
23S:1724,G,#000000
23S:1725,U,#000000
23S:1726,C,#000000
23S:1727,C,#000000
23S:1728,C,#000000
23S:1729,U,#000000
23S:1730,C,#000000
23S:1731,G,#000000
23S:1732,C,#000000
23S:1733,G,#000000
23S:1734,G,#000000
23S:1735,A,#000000
23S:1736,U,#000000
23S:1737,G,#000000
23S:1738,G,#000000
23S:1739,A,#000000
23S:1740,G,#000000
23S:1741,C,#000000
23S:1742,U,#000000
23S:1743,G,#000000
23S:1744,A,#000000
23S:1745,A,#000000
23S:1746,A,#000000
23S:1747,U,#000000
23S:1748,C,#000000
23S:1749,A,0000
23S:1750,G,0000
23S:1751,U,0000
23S:1752,C,0000
23S:1753,G,5000
23S:1754,A,0000
23S:1755,A,0000
23S:1756,G,0000
23S:1757,A,0000
23S:1758,U,#000000
23S:1759,A,#000000
23S:1760,C,0000
23S:1761,C,#000000
23S:1762,A,#000000
23S:1763,G,#000000
23S:1764,C,5000
23S:1765,U,#000000
23S:1766,G,#000000
23S:1767,G,#000000
23S:1768,C,#000000
23S:1769,U,#000000
23S:1770,G,0000
23S:1771,C,#000000
23S:1772,A,5000
23S:1773,A,5000
23S:1774,C,5000
23S:1775,U,5000
23S:1776,G,5000
23S:1777,U,5000
23S:1778,U,0000
23S:1779,U,5000
23S:1780,A,5000
23S:1781,U,#000000
23S:1782,U,0000
23S:1783,A,0000
23S:1784,A,#000000
23S:1785,A,#000000
23S:1786,A,5000
23S:1787,A,5000
23S:1788,C,5000
23S:1789,A,#000000
23S:1790,C,0000
23S:1791,A,5000
23S:1792,G,#000000
23S:1793,C,#000000
23S:1794,A,#000000
23S:1795,C,0000
23S:1796,U,0000
23S:1797,G,0000
23S:1798,U,0000
23S:1799,G,5000
23S:1800,C,0000
23S:1801,A,#000000
23S:1802,A,0000
23S:1803,A,0000
23S:1804,C,#000000
23S:1805,A,#000000
23S:1806,C,#000000
23S:1807,G,0000
23S:1808,A,#000000
23S:1809,A,0000
23S:1810,A,0000
23S:1811,G,#000000
23S:1812,U,#000000
23S:1813,G,#000000
23S:1814,G,0000
23S:1815,A,0000
23S:1816,C,#000000
23S:1817,G,0000
23S:1818,U,0000
23S:1819,A,#000000
23S:1820,U,0000
23S:1821,A,0000
23S:1822,C,0000
23S:1823,G,#000000
23S:1824,G,#000000
23S:1825,U,#000000
23S:1826,G,0000
23S:1827,U,5000
23S:1828,G,5000
23S:1829,A,5000
23S:1830,C,0000
23S:1831,G,#000000
23S:1832,C,0000
23S:1833,C,5000
23S:1834,U,5000
23S:1835,G,5000
23S:1836,C,5000
23S:1837,C,#000000
23S:1838,C,5000
23S:1839,G,0000
23S:1840,G,#000000
23S:1841,U,5000
23S:1842,G,5000
23S:1843,C,5000
23S:1844,C,#000000
23S:1845,G,0000
23S:1846,G,#000000
23S:1847,A,#000000
23S:1848,A,#000000
23S:1849,G,0000
23S:1850,G,#000000
23S:1851,U,5000
23S:1852,U,0000
23S:1853,A,5000
23S:1854,A,#000000
23S:1855,U,#000000
23S:1856,U,#000000
23S:1857,G,#000000
23S:1858,A,#000000
23S:1859,U,#000000
23S:1860,G,#000000
23S:1861,G,#000000
23S:1862,G,#000000
23S:1863,G,#000000
23S:1864,U,0000
23S:1865,U,#000000
23S:1866,A,#000000
23S:1867,G,#000000
23S:1868,C,#000000
23S:1869,G,#000000
23S:1870,C,#000000
23S:1871,A,#000000
23S:1872,A,5000
23S:1873,G,#000000
23S:1874,C,#000000
23S:1875,G,#000000
23S:1876,A,#000000
23S:1877,A,0000
23S:1878,G,0000
23S:1879,C,0000
23S:1880,U,0000
23S:1881,C,#000000
23S:1882,U,#000000
23S:1883,U,#000000
23S:1884,G,0000
23S:1885,A,0000
23S:1886,U,#000000
23S:1887,C,#000000
23S:1888,G,0000
23S:1889,A,5000
23S:1890,A,5000
23S:1891,G,5000
23S:1892,C,#000000
23S:1893,C,0000
23S:1894,C,5000
23S:1895,C,0000
23S:1896,G,#000000
23S:1897,G,#000000
23S:1898,U,5000
23S:1899,A,#000000
23S:1900,A,5000
23S:1901,A,5000
23S:1902,C,#000000
23S:1903,G,5000
23S:1904,G,5000
23S:1905,C,5000
23S:1906,G,5000
23S:1907,G,5000
23S:1908,C,0000
23S:1909,C,0000
23S:1910,G,5000
23S:1911,U,5000
23S:1912,A,5000
23S:1913,A,#000000
23S:1914,C,5000
23S:1915,U,5000
23S:1916,A,#000000
23S:1917,U,5000
23S:1918,A,0000
23S:1919,A,5000
23S:1920,C,5000
23S:1921,G,0000
23S:1922,G,0000
23S:1923,U,5000
23S:1924,C,5000
23S:1925,C,0000
23S:1926,U,5000
23S:1927,A,5000
23S:1928,A,5000
23S:1929,G,5000
23S:1930,G,5000
23S:1931,U,5000
23S:1932,A,5000
23S:1933,G,5000
23S:1934,C,5000
23S:1935,G,0000
23S:1936,A,#000000
23S:1937,A,5000
23S:1938,A,#000000
23S:1939,U,5000
23S:1940,U,0000
23S:1941,C,5000
23S:1942,C,5000
23S:1943,U,5000
23S:1944,U,0000
23S:1945,G,5000
23S:1946,U,5000
23S:1947,C,5000
23S:1948,G,0000
23S:1949,G,0000
23S:1950,G,0000
23S:1951,U,#000000
23S:1952,A,5000
23S:1953,A,5000
23S:1954,G,#000000
23S:1955,U,5000
23S:1956,U,0000
23S:1957,C,0000
23S:1958,C,0000
23S:1959,G,5000
23S:1960,A,#000000
23S:1961,C,5000
23S:1962,C,0000
23S:1963,U,0000
23S:1964,G,5000
23S:1965,C,5000
23S:1966,A,5000
23S:1967,C,0000
23S:1968,G,5000
23S:1969,A,5000
23S:1970,A,5000
23S:1971,U,#000000
23S:1972,G,5000
23S:1973,G,#000000
23S:1974,C,#000000
23S:1975,G,0000
23S:1976,U,0000
23S:1977,A,5000
23S:1978,A,5000
23S:1979,U,5000
23S:1980,G,5000
23S:1981,A,5000
23S:1982,U,0000
23S:1983,G,#000000
23S:1984,G,#000000
23S:1985,C,#000000
23S:1986,C,#000000
23S:1987,A,0000
23S:1988,G,#000000
23S:1989,G,#000000
23S:1990,C,5000
23S:1991,U,5000
23S:1992,G,5000
23S:1993,U,5000
23S:1994,C,5000
23S:1995,U,0000
23S:1996,C,5000
23S:1997,C,#000000
23S:1998,A,#000000
23S:1999,C,#000000
23S:2000,C,#000000
23S:2001,C,0000
23S:2002,G,#000000
23S:2003,A,#000000
23S:2004,G,#000000
23S:2005,A,#000000
23S:2006,C,0000
23S:2007,U,0000
23S:2008,C,0000
23S:2009,A,0000
23S:2010,G,#000000
23S:2011,U,0000
23S:2012,G,5000
23S:2013,A,5000
23S:2014,A,5000
23S:2015,A,#000000
23S:2016,U,0000
23S:2017,U,#000000
23S:2018,G,0000
23S:2019,A,#000000
23S:2020,A,#000000
23S:2021,C,#000000
23S:2022,U,0000
23S:2023,C,#000000
23S:2024,G,#000000
23S:2025,C,#000000
23S:2026,U,#000000
23S:2027,G,5000
23S:2028,U,0000
23S:2029,G,#000000
23S:2030,A,#000000
23S:2031,A,5000
23S:2032,G,0000
23S:2033,A,0000
23S:2034,U,0000
23S:2035,G,#000000
23S:2036,C,5000
23S:2037,A,#000000
23S:2038,G,#000000
23S:2039,U,#000000
23S:2040,G,#000000
23S:2041,U,0000
23S:2042,A,#000000
23S:2043,C,0000
23S:2044,C,#000000
23S:2045,C,#000000
23S:2046,G,0000
23S:2047,C,5000
23S:2048,G,#000000
23S:2049,G,#000000
23S:2050,C,#000000
23S:2051,A,#000000
23S:2052,A,#000000
23S:2053,G,5000
23S:2054,A,0000
23S:2055,C,0000
23S:2056,G,0000
23S:2057,G,#000000
23S:2058,A,0000
23S:2059,A,5000
23S:2060,A,5000
23S:2061,G,5000
23S:2062,A,5000
23S:2063,C,5000
23S:2064,C,5000
23S:2065,C,5000
23S:2066,C,#000000
23S:2067,G,#000000
23S:2068,U,5000
23S:2069,G,0000
23S:2070,A,0000
23S:2071,A,5000
23S:2072,C,0000
23S:2073,C,#000000
23S:2074,U,5000
23S:2075,U,5000
23S:2076,U,0000
23S:2077,A,5000
23S:2078,C,5000
23S:2079,U,5000
23S:2080,A,#000000
23S:2081,U,#000000
23S:2082,A,#000000
23S:2083,G,#000000
23S:2084,C,0000
23S:2085,U,0000
23S:2086,U,5000
23S:2087,G,#000000
23S:2088,A,#000000
23S:2089,C,#000000
23S:2090,A,0000
23S:2091,C,#000000
23S:2092,U,5000
23S:2093,G,#000000
23S:2094,A,#000000
23S:2095,A,#000000
23S:2096,C,#000000
23S:2097,A,#000000
23S:2098,U,0000
23S:2099,U,#000000
23S:2100,G,#000000
23S:2101,A,0000
23S:2102,G,#000000
23S:2103,C,#000000
23S:2104,C,#000000
23S:2105,U,#000000
23S:2106,U,#000000
23S:2107,G,#000000
23S:2108,A,#000000
23S:2109,U,0000
23S:2110,G,5000
23S:2111,U,#000000
23S:2112,G,#000000
23S:2113,U,#000000
23S:2114,A,5000
23S:2115,G,5000
23S:2116,G,#000000
23S:2117,A,#000000
23S:2118,U,5000
23S:2119,A,5000
23S:2120,G,#000000
23S:2121,G,5000
23S:2122,U,5000
23S:2123,G,5000
23S:2124,G,5000
23S:2125,G,5000
23S:2126,A,5000
23S:2127,G,5000
23S:2128,G,#000000
23S:2129,C,0000
23S:2130,U,#000000
23S:2131,U,#000000
23S:2132,U,#000000
23S:2133,G,#000000
23S:2134,A,#000000
23S:2135,A,#000000
23S:2136,G,#000000
23S:2137,U,#000000
23S:2138,G,#000000
23S:2139,U,#000000
23S:2140,G,#000000
23S:2141,G,#000000
23S:2142,A,#000000
23S:2143,C,#000000
23S:2144,G,#000000
23S:2145,C,#000000
23S:2146,C,#000000
23S:2147,A,#000000
23S:2148,G,0000
23S:2149,U,#000000
23S:2150,C,#000000
23S:2151,U,#000000
23S:2152,G,#000000
23S:2153,C,#000000
23S:2154,A,#000000
23S:2155,U,#000000
23S:2156,G,#000000
23S:2157,G,0000
23S:2158,A,0000
23S:2159,G,0000
23S:2160,C,#000000
23S:2161,C,5000
23S:2162,G,#000000
23S:2163,A,#000000
23S:2164,C,#000000
23S:2165,C,#000000
23S:2166,U,#000000
23S:2167,U,5000
23S:2168,G,5000
23S:2169,A,#000000
23S:2170,A,#000000
23S:2171,A,5000
23S:2172,U,#000000
23S:2173,A,5000
23S:2174,C,5000
23S:2175,C,5000
23S:2176,A,5000
23S:2177,C,#000000
23S:2178,C,#000000
23S:2179,C,0000
23S:2180,U,0000
23S:2181,U,#000000
23S:2182,U,#000000
23S:2183,A,#000000
23S:2184,A,#000000
23S:2185,U,#000000
23S:2186,G,#000000
23S:2187,U,#000000
23S:2188,U,#000000
23S:2189,U,#000000
23S:2190,G,#000000
23S:2191,A,#000000
23S:2192,U,#000000
23S:2193,G,#000000
23S:2194,U,#000000
23S:2195,U,0000
23S:2196,C,#000000
23S:2197,U,5000
23S:2198,A,0000
23S:2199,A,5000
23S:2200,C,0000
23S:2201,G,#000000
23S:2202,U,#000000
23S:2203,U,#000000
23S:2204,G,#000000
23S:2205,A,#000000
23S:2206,C,#000000
23S:2207,C,0000
23S:2208,C,#000000
23S:2209,G,#000000
23S:2210,U,#000000
23S:2211,A,#000000
23S:2212,A,#000000
23S:2213,U,#000000
23S:2214,C,0000
23S:2215,C,#000000
23S:2216,G,#000000
23S:2217,G,#000000
23S:2218,G,#000000
23S:2219,U,#000000
23S:2220,U,#000000
23S:2221,G,#000000
23S:2222,C,#000000
23S:2223,G,#000000
23S:2224,G,5000
23S:2225,A,5000
23S:2226,C,5000
23S:2227,A,5000
23S:2228,G,#000000
23S:2229,U,0000
23S:2230,G,#000000
23S:2231,U,#000000
23S:2232,C,#000000
23S:2233,U,#000000
23S:2234,G,5000
23S:2235,G,#000000
23S:2236,U,5000
23S:2237,G,5000
23S:2238,G,5000
23S:2239,G,5000
23S:2240,U,0000
23S:2241,A,5000
23S:2242,G,5000
23S:2243,U,5000
23S:2244,U,5000
23S:2245,U,5000
23S:2246,G,5000
23S:2247,A,0000
23S:2248,C,#000000
23S:2249,U,#000000
23S:2250,G,5000
23S:2251,G,5000
23S:2252,G,5000
23S:2253,G,5000
23S:2254,C,5000
23S:2255,G,#000000
23S:2256,G,#000000
23S:2257,U,0000
23S:2258,C,5000
23S:2259,U,#000000
23S:2260,C,0000
23S:2261,C,#000000
23S:2262,U,0000
23S:2263,C,0000
23S:2264,C,0000
23S:2265,U,#000000
23S:2266,A,5000
23S:2267,A,#000000
23S:2268,A,5000
23S:2269,G,#000000
23S:2270,A,#000000
23S:2271,G,0000
23S:2272,U,#000000
23S:2273,A,5000
23S:2274,A,0000
23S:2275,C,#000000
23S:2276,G,#000000
23S:2277,G,0000
23S:2278,A,0000
23S:2279,G,#000000
23S:2280,G,5000
23S:2281,A,#000000
23S:2282,G,#000000
23S:2283,C,0000
23S:2284,A,0000
23S:2285,C,5000
23S:2286,G,#000000
23S:2287,A,5000
23S:2288,A,#000000
23S:2289,G,5000
23S:2290,G,#000000
23S:2291,U,0000
23S:2292,U,#000000
23S:2293,G,#000000
23S:2294,G,#000000
23S:2295,C,5000
23S:2296,U,5000
23S:2297,A,5000
23S:2298,A,5000
23S:2299,U,#000000
23S:2300,C,#000000
23S:2301,C,#000000
23S:2302,U,#000000
23S:2303,G,5000
23S:2304,G,#000000
23S:2305,U,5000
23S:2306,C,0000
23S:2307,G,0000
23S:2308,G,5000
23S:2309,A,5000
23S:2310,C,5000
23S:2311,A,#000000
23S:2312,U,#000000
23S:2313,C,5000
23S:2314,A,#000000
23S:2315,G,#000000
23S:2316,G,#000000
23S:2317,A,#000000
23S:2318,G,#000000
23S:2319,G,#000000
23S:2320,U,#000000
23S:2321,U,5000
23S:2322,A,5000
23S:2323,G,#000000
23S:2324,U,#000000
23S:2325,G,0000
23S:2326,C,0000
23S:2327,A,5000
23S:2328,A,5000
23S:2329,U,#000000
23S:2330,G,#000000
23S:2331,G,#000000
23S:2332,C,#000000
23S:2333,A,#000000
23S:2334,U,#000000
23S:2335,A,5000
23S:2336,A,#000000
23S:2337,G,5000
23S:2338,C,#000000
23S:2339,C,#000000
23S:2340,A,#000000
23S:2341,G,0000
23S:2342,C,#000000
23S:2343,U,#000000
23S:2344,U,5000
23S:2345,G,#000000
23S:2346,A,5000
23S:2347,C,0000
23S:2348,U,0000
23S:2349,G,0000
23S:2350,C,#000000
23S:2351,G,#000000
23S:2352,A,0000
23S:2353,G,0000
23S:2354,C,0000
23S:2355,G,#000000
23S:2356,U,#000000
23S:2357,G,#000000
23S:2358,A,0000
23S:2359,C,0000
23S:2360,G,#000000
23S:2361,G,#000000
23S:2362,C,#000000
23S:2363,G,0000
23S:2364,C,0000
23S:2365,G,0000
23S:2366,A,0000
23S:2367,G,#000000
23S:2368,C,0000
23S:2369,A,0000
23S:2370,G,0000
23S:2371,G,#000000
23S:2372,U,#000000
23S:2373,G,0000
23S:2374,C,5000
23S:2375,G,#000000
23S:2376,A,5000
23S:2377,A,5000
23S:2378,A,#000000
23S:2379,G,5000
23S:2380,C,0000
23S:2381,A,#000000
23S:2382,G,0000
23S:2383,G,5000
23S:2384,U,#000000
23S:2385,C,#000000
23S:2386,A,#000000
23S:2387,U,5000
23S:2388,A,#000000
23S:2389,G,0000
23S:2390,U,0000
23S:2391,G,5000
23S:2392,A,5000
23S:2393,U,#000000
23S:2394,C,5000
23S:2395,C,#000000
23S:2396,G,0000
23S:2397,G,0000
23S:2398,U,#000000
23S:2399,G,#000000
23S:2400,G,#000000
23S:2401,U,0000
23S:2402,U,#000000
23S:2403,C,0000
23S:2404,U,#000000
23S:2405,G,0000
23S:2406,A,#000000
23S:2407,A,#000000
23S:2408,U,0000
23S:2409,G,0000
23S:2410,G,0000
23S:2411,A,0000
23S:2412,A,0000
23S:2413,G,0000
23S:2414,G,0000
23S:2415,G,#000000
23S:2416,C,#000000
23S:2417,C,#000000
23S:2418,A,#000000
23S:2419,U,0000
23S:2420,C,0000
23S:2421,G,#000000
23S:2422,C,0000
23S:2423,U,0000
23S:2424,C,0000
23S:2425,A,0000
23S:2426,A,0000
23S:2427,C,#000000
23S:2428,G,0000
23S:2429,G,5000
23S:2430,A,#000000
23S:2431,U,0000
23S:2432,A,0000
23S:2433,A,5000
23S:2434,A,5000
23S:2435,A,5000
23S:2436,G,#000000
23S:2437,G,#000000
23S:2438,U,5000
23S:2439,A,5000
23S:2440,C,5000
23S:2441,U,0000
23S:2442,C,0000
23S:2443,C,#000000
23S:2444,G,#000000
23S:2445,G,5000
23S:2446,G,5000
23S:2447,G,5000
23S:2448,A,5000
23S:2449,U,5000
23S:2450,A,5000
23S:2451,A,5000
23S:2452,C,5000
23S:2453,A,0000
23S:2454,G,5000
23S:2455,G,#000000
23S:2456,C,0000
23S:2457,U,5000
23S:2458,G,#000000
23S:2459,A,0000
23S:2460,U,5000
23S:2461,A,0000
23S:2462,C,#000000
23S:2463,C,#000000
23S:2464,G,#000000
23S:2465,C,0000
23S:2466,C,#000000
23S:2467,C,5000
23S:2468,A,5000
23S:2469,A,5000
23S:2470,G,5000
23S:2471,A,0000
23S:2472,G,5000
23S:2473,U,#000000
23S:2474,U,#000000
23S:2475,C,5000
23S:2476,A,#000000
23S:2477,U,#000000
23S:2478,A,5000
23S:2479,U,0000
23S:2480,C,#000000
23S:2481,G,5000
23S:2482,A,#000000
23S:2483,C,#000000
23S:2484,G,#000000
23S:2485,G,0000
23S:2486,C,#000000
23S:2487,G,#000000
23S:2488,G,#000000
23S:2489,U,0000
23S:2490,G,0000
23S:2491,U,#000000
23S:2492,U,5000
23S:2493,U,5000
23S:2494,G,5000
23S:2495,G,0000
23S:2496,C,0000
23S:2497,A,0000
23S:2498,C,5000
23S:2499,C,0000
23S:2500,U,5000
23S:2501,C,5000
23S:2502,G,5000
23S:2503,A,5000
23S:2504,U,5000
23S:2505,G,5000
23S:2506,U,5000
23S:2507,C,5000
23S:2508,G,5000
23S:2509,G,#000000
23S:2510,C,#000000
23S:2511,U,5000
23S:2512,C,#000000
23S:2513,A,0000
23S:2514,U,#000000
23S:2515,C,5000
23S:2516,A,0000
23S:2517,C,0000
23S:2518,A,5000
23S:2519,U,#000000
23S:2520,C,5000
23S:2521,C,0000
23S:2522,U,5000
23S:2523,G,0000
23S:2524,G,#000000
23S:2525,G,#000000
23S:2526,G,0000
23S:2527,C,0000
23S:2528,U,0000
23S:2529,G,5000
23S:2530,A,#000000
23S:2531,A,5000
23S:2532,G,#000000
23S:2533,U,#000000
23S:2534,A,#000000
23S:2535,G,#000000
23S:2536,G,0000
23S:2537,U,0000
23S:2538,C,0000
23S:2539,C,#000000
23S:2540,C,0000
23S:2541,A,#000000
23S:2542,A,5000
23S:2543,G,5000
23S:2544,G,0000
23S:2545,G,5000
23S:2546,U,5000
23S:2547,A,#000000
23S:2548,U,#000000
23S:2549,G,5000
23S:2550,G,0000
23S:2551,C,0000
23S:2552,U,5000
23S:2553,G,5000
23S:2554,U,5000
23S:2555,U,5000
23S:2556,C,5000
23S:2557,G,0000
23S:2558,C,5000
23S:2559,C,5000
23S:2560,A,#000000
23S:2561,U,#000000
23S:2562,U,0000
23S:2563,U,0000
23S:2564,A,0000
23S:2565,A,#000000
23S:2566,A,0000
23S:2567,G,0000
23S:2568,U,0000
23S:2569,G,5000
23S:2570,G,#000000
23S:2571,U,0000
23S:2572,A,#000000
23S:2573,C,5000
23S:2574,G,#000000
23S:2575,C,0000
23S:2576,G,5000
23S:2577,A,5000
23S:2578,G,5000
23S:2579,C,#000000
23S:2580,U,5000
23S:2581,G,5000
23S:2582,G,5000
23S:2583,G,5000
23S:2584,U,5000
23S:2585,U,5000
23S:2586,U,0000
23S:2587,A,5000
23S:2588,G,#000000
23S:2589,A,#000000
23S:2590,A,0000
23S:2591,C,#000000
23S:2592,G,#000000
23S:2593,U,5000
23S:2594,C,5000
23S:2595,G,5000
23S:2596,U,#000000
23S:2597,G,5000
23S:2598,A,5000
23S:2599,G,5000
23S:2600,A,5000
23S:2601,C,5000
23S:2602,A,5000
23S:2603,G,5000
23S:2604,U,0000
23S:2605,U,#000000
23S:2606,C,0000
23S:2607,G,0000
23S:2608,G,5000
23S:2609,U,5000
23S:2610,C,0000
23S:2611,C,#000000
23S:2612,C,0000
23S:2613,U,0000
23S:2614,A,0000
23S:2615,U,0000
23S:2616,C,5000
23S:2617,U,#000000
23S:2618,G,#000000
23S:2619,C,#000000
23S:2620,C,#000000
23S:2621,G,#000000
23S:2622,U,#000000
23S:2623,G,#000000
23S:2624,G,#000000
23S:2625,G,0000
23S:2626,C,0000
23S:2627,G,0000
23S:2628,C,#000000
23S:2629,U,#000000
23S:2630,G,#000000
23S:2631,G,0000
23S:2632,A,0000
23S:2633,G,#000000
23S:2634,A,#000000
23S:2635,A,#000000
23S:2636,C,0000
23S:2637,U,0000
23S:2638,G,0000
23S:2639,A,#000000
23S:2640,G,#000000
23S:2641,G,#000000
23S:2642,G,#000000
23S:2643,G,0000
23S:2644,G,#000000
23S:2645,G,#000000
23S:2646,C,0000
23S:2647,U,#000000
23S:2648,G,#000000
23S:2649,C,#000000
23S:2650,U,0000
23S:2651,C,#000000
23S:2652,C,#000000
23S:2653,U,0000
23S:2654,A,#000000
23S:2655,G,5000
23S:2656,U,5000
23S:2657,A,5000
23S:2658,C,5000
23S:2659,G,5000
23S:2660,A,5000
23S:2661,G,5000
23S:2662,A,5000
23S:2663,G,5000
23S:2664,G,5000
23S:2665,A,5000
23S:2666,C,0000
23S:2667,C,#000000
23S:2668,G,#000000
23S:2669,G,#000000
23S:2670,A,#000000
23S:2671,G,#000000
23S:2672,U,0000
23S:2673,G,0000
23S:2674,G,0000
23S:2675,A,0000
23S:2676,C,#000000
23S:2677,G,#000000
23S:2678,C,#000000
23S:2679,A,0000
23S:2680,U,5000
23S:2681,C,0000
23S:2682,A,#000000
23S:2683,C,0000
23S:2684,U,#000000
23S:2685,G,#000000
23S:2686,G,#000000
23S:2687,U,5000
23S:2688,G,0000
23S:2689,U,0000
23S:2690,U,#000000
23S:2691,C,0000
23S:2692,G,0000
23S:2693,G,#000000
23S:2694,G,0000
23S:2695,U,0000
23S:2696,U,5000
23S:2697,G,0000
23S:2698,U,0000
23S:2699,C,0000
23S:2700,A,#000000
23S:2701,U,#000000
23S:2702,G,5000
23S:2703,C,0000
23S:2704,C,#000000
23S:2705,A,#000000
23S:2706,A,#000000
23S:2707,U,#000000
23S:2708,G,#000000
23S:2709,G,0000
23S:2710,C,0000
23S:2711,A,0000
23S:2712,C,#000000
23S:2713,U,#000000
23S:2714,G,0000
23S:2715,C,0000
23S:2716,C,#000000
23S:2717,C,0000
23S:2718,G,#000000
23S:2719,G,0000
23S:2720,U,0000
23S:2721,A,0000
23S:2722,G,5000
23S:2723,C,#000000
23S:2724,U,#000000
23S:2725,A,#000000
23S:2726,A,#000000
23S:2727,A,0000
23S:2728,U,0000
23S:2729,G,#000000
23S:2730,C,#000000
23S:2731,G,#000000
23S:2732,G,0000
23S:2733,A,0000
23S:2734,A,#000000
23S:2735,G,#000000
23S:2736,A,#000000
23S:2737,G,#000000
23S:2738,A,0000
23S:2739,U,#000000
23S:2740,A,0000
23S:2741,A,#000000
23S:2742,G,#000000
23S:2743,U,0000
23S:2744,G,#000000
23S:2745,C,5000
23S:2746,U,5000
23S:2747,G,5000
23S:2748,A,#000000
23S:2749,A,5000
23S:2750,A,0000
23S:2751,G,#000000
23S:2752,C,#000000
23S:2753,A,0000
23S:2754,U,5000
23S:2755,C,5000
23S:2756,U,5000
23S:2757,A,5000
23S:2758,A,#000000
23S:2759,G,5000
23S:2760,C,#000000
23S:2761,A,#000000
23S:2762,C,#000000
23S:2763,G,#000000
23S:2764,A,#000000
23S:2765,A,5000
23S:2766,A,#000000
23S:2767,C,#000000
23S:2768,U,5000
23S:2769,U,#000000
23S:2770,G,#000000
23S:2771,C,#000000
23S:2772,C,#000000
23S:2773,C,#000000
23S:2774,C,#000000
23S:2775,G,0000
23S:2776,A,0000
23S:2777,G,0000
23S:2778,A,0000
23S:2779,U,0000
23S:2780,G,#000000
23S:2781,A,0000
23S:2782,G,0000
23S:2783,U,#000000
23S:2784,U,0000
23S:2785,C,#000000
23S:2786,U,0000
23S:2787,C,0000
23S:2788,C,#000000
23S:2789,C,#000000
23S:2790,U,#000000
23S:2791,G,#000000
23S:2792,A,#000000
23S:2793,C,#000000
23S:2794,C,#000000
23S:2795,C,#000000
23S:2796,U,#000000
23S:2797,U,#000000
23S:2798,U,#000000
23S:2799,A,#000000
23S:2800,A,#000000
23S:2801,G,#000000
23S:2802,G,#000000
23S:2803,G,#000000
23S:2804,U,#000000
23S:2805,C,#000000
23S:2806,C,#000000
23S:2807,U,#000000
23S:2808,G,#000000
23S:2809,A,#000000
23S:2810,A,#000000
23S:2811,G,0000
23S:2812,G,#000000
23S:2813,A,#000000
23S:2814,A,#000000
23S:2815,C,#000000
23S:2816,G,#000000
23S:2817,U,#000000
23S:2818,U,#000000
23S:2819,G,#000000
23S:2820,A,#000000
23S:2821,A,5000
23S:2822,G,#000000
23S:2823,A,5000
23S:2824,C,#000000
23S:2825,G,#000000
23S:2826,A,5000
23S:2827,C,#000000
23S:2828,G,#000000
23S:2829,A,#000000
23S:2830,C,#000000
23S:2831,G,#000000
23S:2832,U,0000
23S:2833,U,#000000
23S:2834,G,0000
23S:2835,A,0000
23S:2836,U,0000
23S:2837,A,0000
23S:2838,G,0000
23S:2839,G,0000
23S:2840,C,#000000
23S:2841,C,#000000
23S:2842,G,#000000
23S:2843,G,#000000
23S:2844,G,#000000
23S:2845,U,#000000
23S:2846,G,0000
23S:2847,U,0000
23S:2848,G,5000
23S:2849,U,#000000
23S:2850,A,#000000
23S:2851,A,#000000
23S:2852,G,#000000
23S:2853,C,#000000
23S:2854,G,#000000
23S:2855,C,#000000
23S:2856,A,#000000
23S:2857,G,0000
23S:2858,C,#000000
23S:2859,G,#000000
23S:2860,A,0000
23S:2861,U,#000000
23S:2862,G,#000000
23S:2863,C,#000000
23S:2864,G,#000000
23S:2865,U,#000000
23S:2866,U,#000000
23S:2867,G,#000000
23S:2868,A,5000
23S:2869,G,0000
23S:2870,C,0000
23S:2871,U,#000000
23S:2872,A,#000000
23S:2873,A,0000
23S:2874,C,5000
23S:2875,C,#000000
23S:2876,G,#000000
23S:2877,G,#000000
23S:2878,U,0000
23S:2879,A,0000
23S:2880,C,0000
23S:2881,U,0000
23S:2882,A,0000
23S:2883,A,0000
23S:2884,U,#000000
23S:2885,G,#000000
23S:2886,A,#000000
23S:2887,A,#000000
23S:2888,C,#000000
23S:2889,C,#000000
23S:2890,G,#000000
23S:2891,U,#000000
23S:2892,G,#000000
23S:2893,A,#000000
23S:2894,G,#000000
23S:2895,G,#000000
23S:2896,C,#000000
23S:2897,U,0000
23S:2898,U,0000
23S:2899,A,#000000
23S:2900,A,#000000
23S:2901,C,#000000
23S:2902,C,#000000
23S:2903,U,#000000
23S:2904,U,#000000
5S:1,U,#000000
5S:2,G,#000000
5S:3,C,#000000
5S:4,C,#000000
5S:5,U,#000000
5S:6,G,#000000
5S:7,G,#000000
5S:8,C,#000000
5S:9,G,#000000
5S:10,G,#000000
5S:11,C,#000000
5S:12,C,#000000
5S:13,G,#000000
5S:14,U,#000000
5S:15,A,#000000
5S:16,G,#000000
5S:17,C,#000000
5S:18,G,#000000
5S:19,C,#000000
5S:20,G,#000000
5S:21,G,#000000
5S:22,U,#000000
5S:23,G,#000000
5S:24,G,#000000
5S:25,U,#000000
5S:26,C,#000000
5S:27,C,#000000
5S:28,C,#000000
5S:29,A,#000000
5S:30,C,#000000
5S:31,C,#000000
5S:32,U,#000000
5S:33,G,#000000
5S:34,A,#000000
5S:35,C,#000000
5S:36,C,#000000
5S:37,C,#000000
5S:38,C,#000000
5S:39,A,#000000
5S:40,U,#000000
5S:41,G,#000000
5S:42,C,#000000
5S:43,C,#000000
5S:44,G,#000000
5S:45,A,#000000
5S:46,A,#000000
5S:47,C,#000000
5S:48,U,#000000
5S:49,C,#000000
5S:50,A,#000000
5S:51,G,#000000
5S:52,A,#000000
5S:53,A,#000000
5S:54,G,#000000
5S:55,U,#000000
5S:56,G,#000000
5S:57,A,#000000
5S:58,A,#000000
5S:59,A,#000000
5S:60,C,#000000
5S:61,G,#000000
5S:62,C,#000000
5S:63,C,#000000
5S:64,G,#000000
5S:65,U,#000000
5S:66,A,#000000
5S:67,G,#000000
5S:68,C,#000000
5S:69,G,#000000
5S:70,C,#000000
5S:71,C,#000000
5S:72,G,#000000
5S:73,A,#000000
5S:74,U,#000000
5S:75,G,#000000
5S:76,G,#000000
5S:77,U,#000000
5S:78,A,#000000
5S:79,G,#000000
5S:80,U,#000000
5S:81,G,#000000
5S:82,U,#000000
5S:83,G,#000000
5S:84,G,#000000
5S:85,G,#000000
5S:86,G,#000000
5S:87,U,#000000
5S:88,C,#000000
5S:89,U,#000000
5S:90,C,#000000
5S:91,C,#000000
5S:92,C,#000000
5S:93,C,#000000
5S:94,A,#000000
5S:95,U,#000000
5S:96,G,#000000
5S:97,C,#000000
5S:98,G,#000000
5S:99,A,#000000
5S:100,G,#000000
5S:101,A,#000000
5S:102,G,#000000
5S:103,U,#000000
5S:104,A,#000000
5S:105,G,#000000
5S:106,G,#000000
5S:107,G,#000000
5S:108,A,#000000
5S:109,A,#000000
5S:110,C,#000000
5S:111,U,#000000
5S:112,G,#000000
5S:113,C,#000000
5S:114,C,#000000
5S:115,A,#000000
5S:116,G,#000000
5S:117,G,#000000
5S:118,C,#000000
5S:119,A,#000000
5S:120,U,#000000
